TIMESTAMP,DURATION IN MS,DESCRIPTION
2023-01-24T01:06:13.104829,552,7 days check - URL https://dev.data-humdata-org.ahconu.org/api/3/action/notify_users_about_api_token_expiration
2023-01-24T01:06:13.467156,362,2 days check - URL https://dev.data-humdata-org.ahconu.org/api/3/action/notify_users_about_api_token_expiration
2023-01-24T11:12:34.786178,632,7 days check - URL https://dev.data-humdata-org.ahconu.org/api/3/action/notify_users_about_api_token_expiration
2023-01-24T11:12:35.218840,432,2 days check - URL https://dev.data-humdata-org.ahconu.org/api/3/action/notify_users_about_api_token_expiration
2023-01-25T11:12:29.373607,369,7 days check - URL https://dev.data-humdata-org.ahconu.org/api/3/action/notify_users_about_api_token_expiration
2023-01-25T11:12:29.728834,355,2 days check - URL https://dev.data-humdata-org.ahconu.org/api/3/action/notify_users_about_api_token_expiration
2023-01-26T11:12:33.980027,386,7 days check - URL https://dev.data-humdata-org.ahconu.org/api/3/action/notify_users_about_api_token_expiration
2023-01-26T11:12:34.195077,215,2 days check - URL https://dev.data-humdata-org.ahconu.org/api/3/action/notify_users_about_api_token_expiration
2023-01-27T11:12:40.826252,374,7 days check - URL https://dev.data-humdata-org.ahconu.org/api/3/action/notify_users_about_api_token_expiration
2023-01-27T11:12:41.219254,393,2 days check - URL https://dev.data-humdata-org.ahconu.org/api/3/action/notify_users_about_api_token_expiration
2023-01-28T11:12:17.816363,319,7 days check - URL https://dev.data-humdata-org.ahconu.org/api/3/action/notify_users_about_api_token_expiration
2023-01-28T11:12:18.016110,200,2 days check - URL https://dev.data-humdata-org.ahconu.org/api/3/action/notify_users_about_api_token_expiration
2023-01-29T11:12:18.367920,532,7 days check - URL https://dev.data-humdata-org.ahconu.org/api/3/action/notify_users_about_api_token_expiration
2023-01-29T11:12:18.712460,344,2 days check - URL https://dev.data-humdata-org.ahconu.org/api/3/action/notify_users_about_api_token_expiration
2023-01-30T16:16:59.306269,352,7 days check - URL https://dev.data-humdata-org.ahconu.org/api/3/action/notify_users_about_api_token_expiration
2023-01-30T16:16:59.454882,148,2 days check - URL https://dev.data-humdata-org.ahconu.org/api/3/action/notify_users_about_api_token_expiration
2023-01-31T11:12:34.779494,475,7 days check - URL https://dev.data-humdata-org.ahconu.org/api/3/action/notify_users_about_api_token_expiration
2023-01-31T11:12:35.169897,390,2 days check - URL https://dev.data-humdata-org.ahconu.org/api/3/action/notify_users_about_api_token_expiration
2023-02-01T11:12:43.696115,823,7 days check - URL https://data.humdata.org/api/3/action/notify_users_about_api_token_expiration
2023-02-01T11:12:44.533460,837,2 days check - URL https://data.humdata.org/api/3/action/notify_users_about_api_token_expiration
2023-02-01T11:12:45.393342,646,7 days check - URL https://dev.data-humdata-org.ahconu.org/api/3/action/notify_users_about_api_token_expiration
2023-02-01T11:12:45.753741,360,2 days check - URL https://dev.data-humdata-org.ahconu.org/api/3/action/notify_users_about_api_token_expiration
2023-02-02T11:12:44.333395,839,7 days check - URL https://data.humdata.org/api/3/action/notify_users_about_api_token_expiration
2023-02-02T11:12:45.004945,671,2 days check - URL https://data.humdata.org/api/3/action/notify_users_about_api_token_expiration
2023-02-02T11:12:45.724199,573,7 days check - URL https://dev.data-humdata-org.ahconu.org/api/3/action/notify_users_about_api_token_expiration
2023-02-02T11:12:46.462572,738,2 days check - URL https://dev.data-humdata-org.ahconu.org/api/3/action/notify_users_about_api_token_expiration
2023-02-03T11:12:48.436461,452,7 days check - URL https://data.humdata.org/api/3/action/notify_users_about_api_token_expiration
2023-02-03T11:12:48.959949,523,2 days check - URL https://data.humdata.org/api/3/action/notify_users_about_api_token_expiration
2023-02-03T11:12:49.617162,499,7 days check - URL https://dev.data-humdata-org.ahconu.org/api/3/action/notify_users_about_api_token_expiration
2023-02-03T11:12:50.125793,508,2 days check - URL https://dev.data-humdata-org.ahconu.org/api/3/action/notify_users_about_api_token_expiration
2023-02-04T11:12:20.898675,309,7 days check - URL https://data.humdata.org/api/3/action/notify_users_about_api_token_expiration
2023-02-04T11:12:21.206929,308,2 days check - URL https://data.humdata.org/api/3/action/notify_users_about_api_token_expiration
2023-02-04T11:12:21.774445,433,7 days check - URL https://dev.data-humdata-org.ahconu.org/api/3/action/notify_users_about_api_token_expiration
2023-02-04T11:12:22.055243,281,2 days check - URL https://dev.data-humdata-org.ahconu.org/api/3/action/notify_users_about_api_token_expiration
2023-02-05T11:12:20.863744,830,7 days check - URL https://data.humdata.org/api/3/action/notify_users_about_api_token_expiration
2023-02-05T11:12:21.502384,638,2 days check - URL https://data.humdata.org/api/3/action/notify_users_about_api_token_expiration
2023-02-05T11:12:22.135175,470,7 days check - URL https://dev.data-humdata-org.ahconu.org/api/3/action/notify_users_about_api_token_expiration
2023-02-05T11:12:22.442914,308,2 days check - URL https://dev.data-humdata-org.ahconu.org/api/3/action/notify_users_about_api_token_expiration
2023-02-06T11:12:33.577125,357,7 days check - URL https://data.humdata.org/api/3/action/notify_users_about_api_token_expiration
2023-02-06T11:12:34.289469,712,2 days check - URL https://data.humdata.org/api/3/action/notify_users_about_api_token_expiration
2023-02-06T11:12:34.706455,281,7 days check - URL https://dev.data-humdata-org.ahconu.org/api/3/action/notify_users_about_api_token_expiration
2023-02-06T11:12:34.847795,141,2 days check - URL https://dev.data-humdata-org.ahconu.org/api/3/action/notify_users_about_api_token_expiration
2023-02-07T11:12:41.606987,489,7 days check - URL https://data.humdata.org/api/3/action/notify_users_about_api_token_expiration
2023-02-07T11:12:42.863351,1256,2 days check - URL https://data.humdata.org/api/3/action/notify_users_about_api_token_expiration
2023-02-07T11:12:43.518661,524,7 days check - URL https://dev.data-humdata-org.ahconu.org/api/3/action/notify_users_about_api_token_expiration
2023-02-07T11:12:43.795900,277,2 days check - URL https://dev.data-humdata-org.ahconu.org/api/3/action/notify_users_about_api_token_expiration
2023-02-08T11:12:44.885449,192,7 days check - URL https://data.humdata.org/api/3/action/notify_users_about_api_token_expiration
2023-02-08T11:12:45.696500,811,2 days check - URL https://data.humdata.org/api/3/action/notify_users_about_api_token_expiration
2023-02-08T11:12:46.319496,455,7 days check - URL https://dev.data-humdata-org.ahconu.org/api/3/action/notify_users_about_api_token_expiration
2023-02-08T11:12:46.590467,271,2 days check - URL https://dev.data-humdata-org.ahconu.org/api/3/action/notify_users_about_api_token_expiration
2023-02-09T11:12:52.681302,367,7 days check - URL https://data.humdata.org/api/3/action/notify_users_about_api_token_expiration
2023-02-09T11:12:53.264112,582,2 days check - URL https://data.humdata.org/api/3/action/notify_users_about_api_token_expiration
2023-02-09T11:12:53.866573,439,7 days check - URL https://dev.data-humdata-org.ahconu.org/api/3/action/notify_users_about_api_token_expiration
2023-02-09T11:12:54.200969,334,2 days check - URL https://dev.data-humdata-org.ahconu.org/api/3/action/notify_users_about_api_token_expiration
2023-02-10T11:12:40.637707,380,7 days check - URL https://data.humdata.org/api/3/action/notify_users_about_api_token_expiration
2023-02-10T11:12:41.374299,736,2 days check - URL https://data.humdata.org/api/3/action/notify_users_about_api_token_expiration
2023-02-10T11:12:42.021102,515,7 days check - URL https://dev.data-humdata-org.ahconu.org/api/3/action/notify_users_about_api_token_expiration
2023-02-10T11:12:42.442093,421,2 days check - URL https://dev.data-humdata-org.ahconu.org/api/3/action/notify_users_about_api_token_expiration
2023-02-11T11:12:20.921651,532,7 days check - URL https://data.humdata.org/api/3/action/notify_users_about_api_token_expiration
2023-02-11T11:12:21.272324,351,2 days check - URL https://data.humdata.org/api/3/action/notify_users_about_api_token_expiration
2023-02-11T11:12:21.796323,395,7 days check - URL https://dev.data-humdata-org.ahconu.org/api/3/action/notify_users_about_api_token_expiration
2023-02-11T11:12:22.305141,509,2 days check - URL https://dev.data-humdata-org.ahconu.org/api/3/action/notify_users_about_api_token_expiration
2023-02-12T11:12:21.650826,763,7 days check - URL https://data.humdata.org/api/3/action/notify_users_about_api_token_expiration
2023-02-12T11:12:21.814302,163,2 days check - URL https://data.humdata.org/api/3/action/notify_users_about_api_token_expiration
2023-02-12T11:12:22.402219,453,7 days check - URL https://dev.data-humdata-org.ahconu.org/api/3/action/notify_users_about_api_token_expiration
2023-02-12T11:12:22.586594,184,2 days check - URL https://dev.data-humdata-org.ahconu.org/api/3/action/notify_users_about_api_token_expiration
2023-02-13T11:12:42.228190,735,7 days check - URL https://data.humdata.org/api/3/action/notify_users_about_api_token_expiration
2023-02-13T11:12:42.699759,471,2 days check - URL https://data.humdata.org/api/3/action/notify_users_about_api_token_expiration
2023-02-13T11:12:43.386380,556,7 days check - URL https://dev.data-humdata-org.ahconu.org/api/3/action/notify_users_about_api_token_expiration
2023-02-13T11:12:43.700139,314,2 days check - URL https://dev.data-humdata-org.ahconu.org/api/3/action/notify_users_about_api_token_expiration
2023-02-14T11:12:52.227162,290,7 days check - URL https://data.humdata.org/api/3/action/notify_users_about_api_token_expiration
2023-02-14T11:12:52.558279,331,2 days check - URL https://data.humdata.org/api/3/action/notify_users_about_api_token_expiration
2023-02-14T11:12:53.028488,329,7 days check - URL https://dev.data-humdata-org.ahconu.org/api/3/action/notify_users_about_api_token_expiration
2023-02-14T11:12:53.380844,352,2 days check - URL https://dev.data-humdata-org.ahconu.org/api/3/action/notify_users_about_api_token_expiration
2023-02-15T11:12:42.685517,403,7 days check - URL https://data.humdata.org/api/3/action/notify_users_about_api_token_expiration
2023-02-15T11:12:42.989958,304,2 days check - URL https://data.humdata.org/api/3/action/notify_users_about_api_token_expiration
2023-02-15T11:12:43.498484,368,7 days check - URL https://dev.data-humdata-org.ahconu.org/api/3/action/notify_users_about_api_token_expiration
2023-02-15T11:12:43.765178,266,2 days check - URL https://dev.data-humdata-org.ahconu.org/api/3/action/notify_users_about_api_token_expiration
2023-02-16T11:12:39.813272,252,7 days check - URL https://data.humdata.org/api/3/action/notify_users_about_api_token_expiration
2023-02-16T11:12:40.091644,278,2 days check - URL https://data.humdata.org/api/3/action/notify_users_about_api_token_expiration
2023-02-16T11:12:40.575885,347,7 days check - URL https://dev.data-humdata-org.ahconu.org/api/3/action/notify_users_about_api_token_expiration
2023-02-16T11:12:40.898961,323,2 days check - URL https://dev.data-humdata-org.ahconu.org/api/3/action/notify_users_about_api_token_expiration
2023-02-17T11:12:35.868351,252,7 days check - URL https://data.humdata.org/api/3/action/notify_users_about_api_token_expiration
2023-02-17T11:12:36.324687,456,2 days check - URL https://data.humdata.org/api/3/action/notify_users_about_api_token_expiration
2023-02-17T11:12:36.769350,305,7 days check - URL https://dev.data-humdata-org.ahconu.org/api/3/action/notify_users_about_api_token_expiration
2023-02-17T11:12:36.941203,172,2 days check - URL https://dev.data-humdata-org.ahconu.org/api/3/action/notify_users_about_api_token_expiration
2023-02-18T11:12:41.216971,603,7 days check - URL https://data.humdata.org/api/3/action/notify_users_about_api_token_expiration
2023-02-18T11:12:42.262823,1046,2 days check - URL https://data.humdata.org/api/3/action/notify_users_about_api_token_expiration
2023-02-18T11:12:43.036816,617,7 days check - URL https://dev.data-humdata-org.ahconu.org/api/3/action/notify_users_about_api_token_expiration
2023-02-18T11:12:43.426527,389,2 days check - URL https://dev.data-humdata-org.ahconu.org/api/3/action/notify_users_about_api_token_expiration
2023-02-19T11:12:28.967718,284,7 days check - URL https://data.humdata.org/api/3/action/notify_users_about_api_token_expiration
2023-02-19T11:12:29.413202,445,2 days check - URL https://data.humdata.org/api/3/action/notify_users_about_api_token_expiration
2023-02-19T11:12:29.765865,212,7 days check - URL https://dev.data-humdata-org.ahconu.org/api/3/action/notify_users_about_api_token_expiration
2023-02-19T11:12:30.094824,329,2 days check - URL https://dev.data-humdata-org.ahconu.org/api/3/action/notify_users_about_api_token_expiration
2023-02-20T11:12:41.360850,183,7 days check - URL https://data.humdata.org/api/3/action/notify_users_about_api_token_expiration
2023-02-20T11:12:41.927497,566,2 days check - URL https://data.humdata.org/api/3/action/notify_users_about_api_token_expiration
2023-02-20T11:12:42.370691,307,7 days check - URL https://dev.data-humdata-org.ahconu.org/api/3/action/notify_users_about_api_token_expiration
2023-02-20T11:12:42.541766,171,2 days check - URL https://dev.data-humdata-org.ahconu.org/api/3/action/notify_users_about_api_token_expiration
2023-02-21T11:12:46.129233,388,7 days check - URL https://data.humdata.org/api/3/action/notify_users_about_api_token_expiration
2023-02-21T11:12:46.523832,394,2 days check - URL https://data.humdata.org/api/3/action/notify_users_about_api_token_expiration
2023-02-21T11:12:47.083645,428,7 days check - URL https://dev.data-humdata-org.ahconu.org/api/3/action/notify_users_about_api_token_expiration
2023-02-21T11:12:47.429971,346,2 days check - URL https://dev.data-humdata-org.ahconu.org/api/3/action/notify_users_about_api_token_expiration
2023-02-22T11:12:40.781162,400,7 days check - URL https://data.humdata.org/api/3/action/notify_users_about_api_token_expiration
2023-02-22T11:12:41.137519,356,2 days check - URL https://data.humdata.org/api/3/action/notify_users_about_api_token_expiration
2023-02-22T11:12:41.687995,413,7 days check - URL https://dev.data-humdata-org.ahconu.org/api/3/action/notify_users_about_api_token_expiration
2023-02-22T11:12:41.924119,236,2 days check - URL https://dev.data-humdata-org.ahconu.org/api/3/action/notify_users_about_api_token_expiration
2023-02-23T11:12:47.199759,320,7 days check - URL https://data.humdata.org/api/3/action/notify_users_about_api_token_expiration
2023-02-23T11:12:47.476555,277,2 days check - URL https://data.humdata.org/api/3/action/notify_users_about_api_token_expiration
2023-02-23T11:12:48.022075,413,7 days check - URL https://dev.data-humdata-org.ahconu.org/api/3/action/notify_users_about_api_token_expiration
2023-02-23T11:12:48.272645,250,2 days check - URL https://dev.data-humdata-org.ahconu.org/api/3/action/notify_users_about_api_token_expiration
2023-02-24T11:12:46.463048,360,7 days check - URL https://data.humdata.org/api/3/action/notify_users_about_api_token_expiration
2023-02-24T11:12:46.792376,329,2 days check - URL https://data.humdata.org/api/3/action/notify_users_about_api_token_expiration
2023-02-24T11:12:47.325862,376,7 days check - URL https://dev.data-humdata-org.ahconu.org/api/3/action/notify_users_about_api_token_expiration
2023-02-24T11:12:47.582454,256,2 days check - URL https://dev.data-humdata-org.ahconu.org/api/3/action/notify_users_about_api_token_expiration
2023-02-25T11:12:27.705443,377,7 days check - URL https://data.humdata.org/api/3/action/notify_users_about_api_token_expiration
2023-02-25T11:12:28.051069,345,2 days check - URL https://data.humdata.org/api/3/action/notify_users_about_api_token_expiration
2023-02-25T11:12:28.540014,358,7 days check - URL https://dev.data-humdata-org.ahconu.org/api/3/action/notify_users_about_api_token_expiration
2023-02-25T11:12:28.776253,236,2 days check - URL https://dev.data-humdata-org.ahconu.org/api/3/action/notify_users_about_api_token_expiration
2023-02-26T11:12:29.215170,325,7 days check - URL https://data.humdata.org/api/3/action/notify_users_about_api_token_expiration
2023-02-26T11:12:29.506696,291,2 days check - URL https://data.humdata.org/api/3/action/notify_users_about_api_token_expiration
2023-02-26T11:12:30.087064,447,7 days check - URL https://dev.data-humdata-org.ahconu.org/api/3/action/notify_users_about_api_token_expiration
2023-02-26T11:12:30.326063,239,2 days check - URL https://dev.data-humdata-org.ahconu.org/api/3/action/notify_users_about_api_token_expiration
2023-02-27T11:12:44.720403,334,7 days check - URL https://data.humdata.org/api/3/action/notify_users_about_api_token_expiration
2023-02-27T11:12:45.026172,306,2 days check - URL https://data.humdata.org/api/3/action/notify_users_about_api_token_expiration
2023-02-27T11:12:45.639118,477,7 days check - URL https://dev.data-humdata-org.ahconu.org/api/3/action/notify_users_about_api_token_expiration
2023-02-27T11:12:45.887615,248,2 days check - URL https://dev.data-humdata-org.ahconu.org/api/3/action/notify_users_about_api_token_expiration
2023-02-28T11:12:42.937600,199,7 days check - URL https://data.humdata.org/api/3/action/notify_users_about_api_token_expiration
2023-02-28T11:12:43.063053,125,2 days check - URL https://data.humdata.org/api/3/action/notify_users_about_api_token_expiration
2023-02-28T11:12:43.433226,233,7 days check - URL https://dev.data-humdata-org.ahconu.org/api/3/action/notify_users_about_api_token_expiration
2023-02-28T11:12:43.562574,129,2 days check - URL https://dev.data-humdata-org.ahconu.org/api/3/action/notify_users_about_api_token_expiration
2023-03-01T11:12:58.277140,223,7 days check - URL https://data.humdata.org/api/3/action/notify_users_about_api_token_expiration
2023-03-01T11:12:58.461124,184,2 days check - URL https://data.humdata.org/api/3/action/notify_users_about_api_token_expiration
2023-03-01T11:12:59.111001,483,7 days check - URL https://dev.data-humdata-org.ahconu.org/api/3/action/notify_users_about_api_token_expiration
2023-03-01T11:12:59.256421,145,2 days check - URL https://dev.data-humdata-org.ahconu.org/api/3/action/notify_users_about_api_token_expiration
2023-03-02T11:12:54.495219,358,7 days check - URL https://data.humdata.org/api/3/action/notify_users_about_api_token_expiration
2023-03-02T11:12:54.842239,347,2 days check - URL https://data.humdata.org/api/3/action/notify_users_about_api_token_expiration
2023-03-02T11:12:55.413529,437,7 days check - URL https://dev.data-humdata-org.ahconu.org/api/3/action/notify_users_about_api_token_expiration
2023-03-02T11:12:55.676765,263,2 days check - URL https://dev.data-humdata-org.ahconu.org/api/3/action/notify_users_about_api_token_expiration
2023-03-03T11:12:42.367144,924,7 days check - URL https://data.humdata.org/api/3/action/notify_users_about_api_token_expiration
2023-03-03T11:12:42.612973,246,2 days check - URL https://data.humdata.org/api/3/action/notify_users_about_api_token_expiration
2023-03-03T11:12:43.168412,424,7 days check - URL https://dev.data-humdata-org.ahconu.org/api/3/action/notify_users_about_api_token_expiration
2023-03-03T11:12:43.325750,157,2 days check - URL https://dev.data-humdata-org.ahconu.org/api/3/action/notify_users_about_api_token_expiration
2023-03-04T11:12:30.230269,431,7 days check - URL https://data.humdata.org/api/3/action/notify_users_about_api_token_expiration
2023-03-04T11:12:30.622518,392,2 days check - URL https://data.humdata.org/api/3/action/notify_users_about_api_token_expiration
2023-03-04T11:12:31.168104,394,7 days check - URL https://dev.data-humdata-org.ahconu.org/api/3/action/notify_users_about_api_token_expiration
2023-03-04T11:12:31.507817,339,2 days check - URL https://dev.data-humdata-org.ahconu.org/api/3/action/notify_users_about_api_token_expiration
2023-03-05T11:12:32.432850,269,7 days check - URL https://data.humdata.org/api/3/action/notify_users_about_api_token_expiration
2023-03-05T11:12:32.601036,168,2 days check - URL https://data.humdata.org/api/3/action/notify_users_about_api_token_expiration
2023-03-05T11:12:33.075639,344,7 days check - URL https://dev.data-humdata-org.ahconu.org/api/3/action/notify_users_about_api_token_expiration
2023-03-05T11:12:33.241893,166,2 days check - URL https://dev.data-humdata-org.ahconu.org/api/3/action/notify_users_about_api_token_expiration
2023-03-06T11:12:45.102537,328,7 days check - URL https://data.humdata.org/api/3/action/notify_users_about_api_token_expiration
2023-03-06T11:12:45.454173,351,2 days check - URL https://data.humdata.org/api/3/action/notify_users_about_api_token_expiration
2023-03-06T11:12:46.380895,791,7 days check - URL https://dev.data-humdata-org.ahconu.org/api/3/action/notify_users_about_api_token_expiration
2023-03-06T11:12:46.808437,427,2 days check - URL https://dev.data-humdata-org.ahconu.org/api/3/action/notify_users_about_api_token_expiration
2023-03-07T11:12:46.076762,377,7 days check - URL https://data.humdata.org/api/3/action/notify_users_about_api_token_expiration
2023-03-07T11:12:46.506934,430,2 days check - URL https://data.humdata.org/api/3/action/notify_users_about_api_token_expiration
2023-03-07T11:12:47.087418,440,7 days check - URL https://dev.data-humdata-org.ahconu.org/api/3/action/notify_users_about_api_token_expiration
2023-03-07T11:12:47.504300,417,2 days check - URL https://dev.data-humdata-org.ahconu.org/api/3/action/notify_users_about_api_token_expiration
2023-03-08T11:12:40.402060,380,7 days check - URL https://data.humdata.org/api/3/action/notify_users_about_api_token_expiration
2023-03-08T11:12:42.121254,1719,2 days check - URL https://data.humdata.org/api/3/action/notify_users_about_api_token_expiration
2023-03-08T11:12:42.647324,391,7 days check - URL https://dev.data-humdata-org.ahconu.org/api/3/action/notify_users_about_api_token_expiration
2023-03-08T11:12:43.053541,406,2 days check - URL https://dev.data-humdata-org.ahconu.org/api/3/action/notify_users_about_api_token_expiration
2023-03-09T11:12:48.776552,547,7 days check - URL https://data.humdata.org/api/3/action/notify_users_about_api_token_expiration
2023-03-09T11:12:50.166833,1390,2 days check - URL https://data.humdata.org/api/3/action/notify_users_about_api_token_expiration
2023-03-09T11:12:50.825630,524,7 days check - URL https://dev.data-humdata-org.ahconu.org/api/3/action/notify_users_about_api_token_expiration
2023-03-09T11:12:51.127198,301,2 days check - URL https://dev.data-humdata-org.ahconu.org/api/3/action/notify_users_about_api_token_expiration
2023-03-10T11:12:44.079229,297,7 days check - URL https://data.humdata.org/api/3/action/notify_users_about_api_token_expiration
2023-03-10T11:12:45.274972,1196,2 days check - URL https://data.humdata.org/api/3/action/notify_users_about_api_token_expiration
2023-03-10T11:12:45.938897,531,7 days check - URL https://dev.data-humdata-org.ahconu.org/api/3/action/notify_users_about_api_token_expiration
2023-03-10T11:12:46.314771,376,2 days check - URL https://dev.data-humdata-org.ahconu.org/api/3/action/notify_users_about_api_token_expiration
2023-03-11T11:12:18.728864,646,7 days check - URL https://data.humdata.org/api/3/action/notify_users_about_api_token_expiration
2023-03-11T11:12:18.868456,139,2 days check - URL https://data.humdata.org/api/3/action/notify_users_about_api_token_expiration
2023-03-11T11:12:19.319843,315,7 days check - URL https://dev.data-humdata-org.ahconu.org/api/3/action/notify_users_about_api_token_expiration
2023-03-11T11:12:19.564126,244,2 days check - URL https://dev.data-humdata-org.ahconu.org/api/3/action/notify_users_about_api_token_expiration
2023-03-12T11:12:15.127810,340,7 days check - URL https://data.humdata.org/api/3/action/notify_users_about_api_token_expiration
2023-03-12T11:12:15.293240,165,2 days check - URL https://data.humdata.org/api/3/action/notify_users_about_api_token_expiration
2023-03-12T11:12:15.604229,175,7 days check - URL https://dev.data-humdata-org.ahconu.org/api/3/action/notify_users_about_api_token_expiration
2023-03-12T11:12:15.746960,143,2 days check - URL https://dev.data-humdata-org.ahconu.org/api/3/action/notify_users_about_api_token_expiration
2023-03-13T11:12:33.902930,394,7 days check - URL https://data.humdata.org/api/3/action/notify_users_about_api_token_expiration
2023-03-13T11:12:34.309268,406,2 days check - URL https://data.humdata.org/api/3/action/notify_users_about_api_token_expiration
2023-03-13T11:12:34.867277,426,7 days check - URL https://dev.data-humdata-org.ahconu.org/api/3/action/notify_users_about_api_token_expiration
2023-03-13T11:12:35.165230,298,2 days check - URL https://dev.data-humdata-org.ahconu.org/api/3/action/notify_users_about_api_token_expiration
2023-03-14T11:12:57.493031,1031,7 days check - URL https://data.humdata.org/api/3/action/notify_users_about_api_token_expiration
2023-03-14T11:12:57.758800,266,2 days check - URL https://data.humdata.org/api/3/action/notify_users_about_api_token_expiration
2023-03-14T11:12:58.276882,379,7 days check - URL https://dev.data-humdata-org.ahconu.org/api/3/action/notify_users_about_api_token_expiration
2023-03-14T11:12:58.522758,246,2 days check - URL https://dev.data-humdata-org.ahconu.org/api/3/action/notify_users_about_api_token_expiration
2023-03-15T11:12:32.366464,308,7 days check - URL https://data.humdata.org/api/3/action/notify_users_about_api_token_expiration
2023-03-15T11:12:32.601687,235,2 days check - URL https://data.humdata.org/api/3/action/notify_users_about_api_token_expiration
2023-03-15T11:12:33.169473,429,7 days check - URL https://dev.data-humdata-org.ahconu.org/api/3/action/notify_users_about_api_token_expiration
2023-03-15T11:12:33.470224,301,2 days check - URL https://dev.data-humdata-org.ahconu.org/api/3/action/notify_users_about_api_token_expiration
2023-03-16T11:12:50.324705,874,7 days check - URL https://data.humdata.org/api/3/action/notify_users_about_api_token_expiration
2023-03-16T11:12:51.104233,779,2 days check - URL https://data.humdata.org/api/3/action/notify_users_about_api_token_expiration
2023-03-16T11:12:51.712426,468,7 days check - URL https://dev.data-humdata-org.ahconu.org/api/3/action/notify_users_about_api_token_expiration
2023-03-16T11:12:52.020917,308,2 days check - URL https://dev.data-humdata-org.ahconu.org/api/3/action/notify_users_about_api_token_expiration
2023-03-17T11:12:50.869718,789,7 days check - URL https://data.humdata.org/api/3/action/notify_users_about_api_token_expiration
2023-03-17T11:12:51.487032,617,2 days check - URL https://data.humdata.org/api/3/action/notify_users_about_api_token_expiration
2023-03-17T11:12:52.151442,488,7 days check - URL https://dev.data-humdata-org.ahconu.org/api/3/action/notify_users_about_api_token_expiration
2023-03-17T11:12:52.518869,367,2 days check - URL https://dev.data-humdata-org.ahconu.org/api/3/action/notify_users_about_api_token_expiration
2023-03-18T11:12:25.310197,694,7 days check - URL https://data.humdata.org/api/3/action/notify_users_about_api_token_expiration
2023-03-18T11:12:25.895986,586,2 days check - URL https://data.humdata.org/api/3/action/notify_users_about_api_token_expiration
2023-03-18T11:12:26.558620,521,7 days check - URL https://dev.data-humdata-org.ahconu.org/api/3/action/notify_users_about_api_token_expiration
2023-03-18T11:12:26.703264,144,2 days check - URL https://dev.data-humdata-org.ahconu.org/api/3/action/notify_users_about_api_token_expiration
2023-03-19T11:12:19.234099,453,7 days check - URL https://data.humdata.org/api/3/action/notify_users_about_api_token_expiration
2023-03-19T11:12:20.180526,946,2 days check - URL https://data.humdata.org/api/3/action/notify_users_about_api_token_expiration
2023-03-19T11:12:20.696557,385,7 days check - URL https://dev.data-humdata-org.ahconu.org/api/3/action/notify_users_about_api_token_expiration
2023-03-19T11:12:20.984927,288,2 days check - URL https://dev.data-humdata-org.ahconu.org/api/3/action/notify_users_about_api_token_expiration
2023-03-20T11:12:45.194481,573,7 days check - URL https://data.humdata.org/api/3/action/notify_users_about_api_token_expiration
2023-03-20T11:12:45.682906,488,2 days check - URL https://data.humdata.org/api/3/action/notify_users_about_api_token_expiration
2023-03-20T11:12:46.175300,332,7 days check - URL https://dev.data-humdata-org.ahconu.org/api/3/action/notify_users_about_api_token_expiration
2023-03-20T11:12:46.353478,178,2 days check - URL https://dev.data-humdata-org.ahconu.org/api/3/action/notify_users_about_api_token_expiration
2023-03-21T11:12:44.651652,320,7 days check - URL https://data.humdata.org/api/3/action/notify_users_about_api_token_expiration
2023-03-21T11:12:45.425492,774,2 days check - URL https://data.humdata.org/api/3/action/notify_users_about_api_token_expiration
2023-03-21T11:12:45.968464,404,7 days check - URL https://dev.data-humdata-org.ahconu.org/api/3/action/notify_users_about_api_token_expiration
2023-03-21T11:12:46.254155,285,2 days check - URL https://dev.data-humdata-org.ahconu.org/api/3/action/notify_users_about_api_token_expiration
2023-03-22T11:12:27.880485,514,7 days check - URL https://data.humdata.org/api/3/action/notify_users_about_api_token_expiration
2023-03-22T11:12:28.724244,843,2 days check - URL https://data.humdata.org/api/3/action/notify_users_about_api_token_expiration
2023-03-22T11:12:29.391681,504,7 days check - URL https://dev.data-humdata-org.ahconu.org/api/3/action/notify_users_about_api_token_expiration
2023-03-22T11:12:29.755336,363,2 days check - URL https://dev.data-humdata-org.ahconu.org/api/3/action/notify_users_about_api_token_expiration
2023-03-23T11:12:23.183007,987,7 days check - URL https://data.humdata.org/api/3/action/notify_users_about_api_token_expiration
2023-03-23T11:12:24.886882,1704,2 days check - URL https://data.humdata.org/api/3/action/notify_users_about_api_token_expiration
2023-03-23T11:12:25.422308,394,7 days check - URL https://dev.data-humdata-org.ahconu.org/api/3/action/notify_users_about_api_token_expiration
2023-03-23T11:12:25.853922,431,2 days check - URL https://dev.data-humdata-org.ahconu.org/api/3/action/notify_users_about_api_token_expiration
2023-03-24T11:12:28.173581,390,7 days check - URL https://data.humdata.org/api/3/action/notify_users_about_api_token_expiration
2023-03-24T11:12:29.442855,1269,2 days check - URL https://data.humdata.org/api/3/action/notify_users_about_api_token_expiration
2023-03-24T11:12:29.955511,370,7 days check - URL https://dev.data-humdata-org.ahconu.org/api/3/action/notify_users_about_api_token_expiration
2023-03-24T11:12:30.282319,327,2 days check - URL https://dev.data-humdata-org.ahconu.org/api/3/action/notify_users_about_api_token_expiration
2023-03-25T11:12:06.152638,768,7 days check - URL https://data.humdata.org/api/3/action/notify_users_about_api_token_expiration
2023-03-25T11:12:07.164472,1012,2 days check - URL https://data.humdata.org/api/3/action/notify_users_about_api_token_expiration
2023-03-25T11:12:07.847411,546,7 days check - URL https://dev.data-humdata-org.ahconu.org/api/3/action/notify_users_about_api_token_expiration
2023-03-25T11:12:08.273023,425,2 days check - URL https://dev.data-humdata-org.ahconu.org/api/3/action/notify_users_about_api_token_expiration
2023-03-26T11:12:12.557106,748,7 days check - URL https://data.humdata.org/api/3/action/notify_users_about_api_token_expiration
2023-03-26T11:12:12.954804,397,2 days check - URL https://data.humdata.org/api/3/action/notify_users_about_api_token_expiration
2023-03-26T11:12:13.697322,584,7 days check - URL https://dev.data-humdata-org.ahconu.org/api/3/action/notify_users_about_api_token_expiration
2023-03-26T11:12:14.263654,566,2 days check - URL https://dev.data-humdata-org.ahconu.org/api/3/action/notify_users_about_api_token_expiration
2023-03-27T11:12:33.459185,574,7 days check - URL https://data.humdata.org/api/3/action/notify_users_about_api_token_expiration
2023-03-27T11:12:33.884894,425,2 days check - URL https://data.humdata.org/api/3/action/notify_users_about_api_token_expiration
2023-03-27T11:12:34.632163,575,7 days check - URL https://dev.data-humdata-org.ahconu.org/api/3/action/notify_users_about_api_token_expiration
2023-03-27T11:12:34.990889,358,2 days check - URL https://dev.data-humdata-org.ahconu.org/api/3/action/notify_users_about_api_token_expiration
2023-03-28T11:12:30.941121,349,7 days check - URL https://data.humdata.org/api/3/action/notify_users_about_api_token_expiration
2023-03-28T11:12:31.083542,142,2 days check - URL https://data.humdata.org/api/3/action/notify_users_about_api_token_expiration
2023-03-28T11:12:31.560736,338,7 days check - URL https://dev.data-humdata-org.ahconu.org/api/3/action/notify_users_about_api_token_expiration
2023-03-28T11:12:31.824296,263,2 days check - URL https://dev.data-humdata-org.ahconu.org/api/3/action/notify_users_about_api_token_expiration
2023-03-31T11:12:22.302556,262,7 days check - URL https://data.humdata.org/api/3/action/notify_users_about_api_token_expiration
2023-03-31T11:12:23.122356,820,2 days check - URL https://data.humdata.org/api/3/action/notify_users_about_api_token_expiration
2023-03-31T11:12:23.833385,574,7 days check - URL https://dev.data-humdata-org.ahconu.org/api/3/action/notify_users_about_api_token_expiration
2023-03-31T11:12:24.020650,187,2 days check - URL https://dev.data-humdata-org.ahconu.org/api/3/action/notify_users_about_api_token_expiration
2023-04-01T11:12:01.720593,345,7 days check - URL https://data.humdata.org/api/3/action/notify_users_about_api_token_expiration
2023-04-01T11:12:02.738277,1017,2 days check - URL https://data.humdata.org/api/3/action/notify_users_about_api_token_expiration
2023-04-01T11:12:03.447292,546,7 days check - URL https://dev.data-humdata-org.ahconu.org/api/3/action/notify_users_about_api_token_expiration
2023-04-01T11:12:03.669916,222,2 days check - URL https://dev.data-humdata-org.ahconu.org/api/3/action/notify_users_about_api_token_expiration
2023-04-02T11:12:05.904296,155,7 days check - URL https://data.humdata.org/api/3/action/notify_users_about_api_token_expiration
2023-04-02T11:12:06.169672,265,2 days check - URL https://data.humdata.org/api/3/action/notify_users_about_api_token_expiration
2023-04-02T11:12:06.742761,435,7 days check - URL https://dev.data-humdata-org.ahconu.org/api/3/action/notify_users_about_api_token_expiration
2023-04-02T11:12:07.543439,800,2 days check - URL https://dev.data-humdata-org.ahconu.org/api/3/action/notify_users_about_api_token_expiration
2023-04-03T11:12:14.621519,328,7 days check - URL https://data.humdata.org/api/3/action/notify_users_about_api_token_expiration
2023-04-03T11:12:14.945094,323,2 days check - URL https://data.humdata.org/api/3/action/notify_users_about_api_token_expiration
2023-04-03T11:12:15.631044,550,7 days check - URL https://dev.data-humdata-org.ahconu.org/api/3/action/notify_users_about_api_token_expiration
2023-04-03T11:12:15.902559,271,2 days check - URL https://dev.data-humdata-org.ahconu.org/api/3/action/notify_users_about_api_token_expiration
2023-04-04T11:12:22.109723,566,7 days check - URL https://data.humdata.org/api/3/action/notify_users_about_api_token_expiration
2023-04-04T11:12:22.668145,558,2 days check - URL https://data.humdata.org/api/3/action/notify_users_about_api_token_expiration
2023-04-04T11:12:23.539589,706,7 days check - URL https://dev.data-humdata-org.ahconu.org/api/3/action/notify_users_about_api_token_expiration
2023-04-04T11:12:23.901911,362,2 days check - URL https://dev.data-humdata-org.ahconu.org/api/3/action/notify_users_about_api_token_expiration
2023-04-05T11:12:35.962123,282,7 days check - URL https://data.humdata.org/api/3/action/notify_users_about_api_token_expiration
2023-04-05T11:12:36.244388,282,2 days check - URL https://data.humdata.org/api/3/action/notify_users_about_api_token_expiration
2023-04-05T11:12:36.930942,507,7 days check - URL https://dev.data-humdata-org.ahconu.org/api/3/action/notify_users_about_api_token_expiration
2023-04-05T11:12:37.250525,319,2 days check - URL https://dev.data-humdata-org.ahconu.org/api/3/action/notify_users_about_api_token_expiration
2023-04-06T11:12:21.888227,390,7 days check - URL https://data.humdata.org/api/3/action/notify_users_about_api_token_expiration
2023-04-06T11:12:22.234146,346,2 days check - URL https://data.humdata.org/api/3/action/notify_users_about_api_token_expiration
2023-04-06T11:12:22.823111,446,7 days check - URL https://dev.data-humdata-org.ahconu.org/api/3/action/notify_users_about_api_token_expiration
2023-04-06T11:12:23.194158,371,2 days check - URL https://dev.data-humdata-org.ahconu.org/api/3/action/notify_users_about_api_token_expiration
2023-04-07T11:12:14.313333,453,7 days check - URL https://data.humdata.org/api/3/action/notify_users_about_api_token_expiration
2023-04-07T11:12:14.808384,495,2 days check - URL https://data.humdata.org/api/3/action/notify_users_about_api_token_expiration
2023-04-07T11:12:15.535890,552,7 days check - URL https://dev.data-humdata-org.ahconu.org/api/3/action/notify_users_about_api_token_expiration
2023-04-07T11:12:15.895581,359,2 days check - URL https://dev.data-humdata-org.ahconu.org/api/3/action/notify_users_about_api_token_expiration
2023-04-08T11:11:57.348606,418,7 days check - URL https://data.humdata.org/api/3/action/notify_users_about_api_token_expiration
2023-04-08T11:11:58.261657,913,2 days check - URL https://data.humdata.org/api/3/action/notify_users_about_api_token_expiration
2023-04-08T11:11:58.821446,398,7 days check - URL https://dev.data-humdata-org.ahconu.org/api/3/action/notify_users_about_api_token_expiration
2023-04-08T11:11:59.066642,245,2 days check - URL https://dev.data-humdata-org.ahconu.org/api/3/action/notify_users_about_api_token_expiration
2023-04-09T11:11:57.562550,349,7 days check - URL https://data.humdata.org/api/3/action/notify_users_about_api_token_expiration
2023-04-09T11:11:57.688568,126,2 days check - URL https://data.humdata.org/api/3/action/notify_users_about_api_token_expiration
2023-04-09T11:11:58.384955,562,7 days check - URL https://dev.data-humdata-org.ahconu.org/api/3/action/notify_users_about_api_token_expiration
2023-04-09T11:11:58.699039,314,2 days check - URL https://dev.data-humdata-org.ahconu.org/api/3/action/notify_users_about_api_token_expiration
2023-04-10T11:12:08.273106,195,7 days check - URL https://data.humdata.org/api/3/action/notify_users_about_api_token_expiration
2023-04-10T11:12:08.471475,198,2 days check - URL https://data.humdata.org/api/3/action/notify_users_about_api_token_expiration
2023-04-10T11:12:08.936343,326,7 days check - URL https://dev.data-humdata-org.ahconu.org/api/3/action/notify_users_about_api_token_expiration
2023-04-10T11:12:09.335822,399,2 days check - URL https://dev.data-humdata-org.ahconu.org/api/3/action/notify_users_about_api_token_expiration
2023-04-11T11:12:19.843848,451,7 days check - URL https://data.humdata.org/api/3/action/notify_users_about_api_token_expiration
2023-04-11T11:12:20.243401,399,2 days check - URL https://data.humdata.org/api/3/action/notify_users_about_api_token_expiration
2023-04-11T11:12:21.043245,647,7 days check - URL https://dev.data-humdata-org.ahconu.org/api/3/action/notify_users_about_api_token_expiration
2023-04-11T11:12:21.440321,397,2 days check - URL https://dev.data-humdata-org.ahconu.org/api/3/action/notify_users_about_api_token_expiration
2023-04-12T11:12:21.721752,492,7 days check - URL https://data.humdata.org/api/3/action/notify_users_about_api_token_expiration
2023-04-12T11:12:22.092150,370,2 days check - URL https://data.humdata.org/api/3/action/notify_users_about_api_token_expiration
2023-04-12T11:12:22.632275,404,7 days check - URL https://dev.data-humdata-org.ahconu.org/api/3/action/notify_users_about_api_token_expiration
2023-04-12T11:12:22.991995,360,2 days check - URL https://dev.data-humdata-org.ahconu.org/api/3/action/notify_users_about_api_token_expiration
2023-04-13T11:12:33.774874,338,7 days check - URL https://data.humdata.org/api/3/action/notify_users_about_api_token_expiration
2023-04-13T11:12:34.196754,422,2 days check - URL https://data.humdata.org/api/3/action/notify_users_about_api_token_expiration
2023-04-13T11:12:34.791983,409,7 days check - URL https://dev.data-humdata-org.ahconu.org/api/3/action/notify_users_about_api_token_expiration
2023-04-13T11:12:35.135932,344,2 days check - URL https://dev.data-humdata-org.ahconu.org/api/3/action/notify_users_about_api_token_expiration
2023-04-14T11:12:18.248305,398,7 days check - URL https://data.humdata.org/api/3/action/notify_users_about_api_token_expiration
2023-04-14T11:12:18.579028,331,2 days check - URL https://data.humdata.org/api/3/action/notify_users_about_api_token_expiration
2023-04-14T11:12:19.148704,433,7 days check - URL https://dev.data-humdata-org.ahconu.org/api/3/action/notify_users_about_api_token_expiration
2023-04-14T11:12:19.544450,396,2 days check - URL https://dev.data-humdata-org.ahconu.org/api/3/action/notify_users_about_api_token_expiration
2023-04-15T11:11:59.903773,151,7 days check - URL https://data.humdata.org/api/3/action/notify_users_about_api_token_expiration
2023-04-15T11:12:00.045212,141,2 days check - URL https://data.humdata.org/api/3/action/notify_users_about_api_token_expiration
2023-04-15T11:12:00.471623,287,7 days check - URL https://dev.data-humdata-org.ahconu.org/api/3/action/notify_users_about_api_token_expiration
2023-04-15T11:12:00.731505,260,2 days check - URL https://dev.data-humdata-org.ahconu.org/api/3/action/notify_users_about_api_token_expiration
2023-04-16T11:12:01.733291,897,7 days check - URL https://data.humdata.org/api/3/action/notify_users_about_api_token_expiration
2023-04-16T11:12:02.411193,678,2 days check - URL https://data.humdata.org/api/3/action/notify_users_about_api_token_expiration
2023-04-16T11:12:03.304107,702,7 days check - URL https://dev.data-humdata-org.ahconu.org/api/3/action/notify_users_about_api_token_expiration
2023-04-16T11:12:03.687881,383,2 days check - URL https://dev.data-humdata-org.ahconu.org/api/3/action/notify_users_about_api_token_expiration
2023-04-17T11:12:31.848048,773,7 days check - URL https://data.humdata.org/api/3/action/notify_users_about_api_token_expiration
2023-04-17T11:12:32.181934,334,2 days check - URL https://data.humdata.org/api/3/action/notify_users_about_api_token_expiration
2023-04-17T11:12:32.716069,391,7 days check - URL https://dev.data-humdata-org.ahconu.org/api/3/action/notify_users_about_api_token_expiration
2023-04-17T11:12:33.091042,375,2 days check - URL https://dev.data-humdata-org.ahconu.org/api/3/action/notify_users_about_api_token_expiration
2023-04-18T11:12:18.451497,284,7 days check - URL https://data.humdata.org/api/3/action/notify_users_about_api_token_expiration
2023-04-18T11:12:18.597533,146,2 days check - URL https://data.humdata.org/api/3/action/notify_users_about_api_token_expiration
2023-04-18T11:12:19.262341,531,7 days check - URL https://dev.data-humdata-org.ahconu.org/api/3/action/notify_users_about_api_token_expiration
2023-04-18T11:12:19.616135,354,2 days check - URL https://dev.data-humdata-org.ahconu.org/api/3/action/notify_users_about_api_token_expiration
2023-04-19T11:12:37.940791,339,7 days check - URL https://data.humdata.org/api/3/action/notify_users_about_api_token_expiration
2023-04-19T11:12:38.510979,570,2 days check - URL https://data.humdata.org/api/3/action/notify_users_about_api_token_expiration
2023-04-19T11:12:39.272473,579,7 days check - URL https://dev.data-humdata-org.ahconu.org/api/3/action/notify_users_about_api_token_expiration
2023-04-19T11:12:39.614740,342,2 days check - URL https://dev.data-humdata-org.ahconu.org/api/3/action/notify_users_about_api_token_expiration
2023-04-20T11:12:24.835289,866,7 days check - URL https://data.humdata.org/api/3/action/notify_users_about_api_token_expiration
2023-04-20T11:12:26.023541,1188,2 days check - URL https://data.humdata.org/api/3/action/notify_users_about_api_token_expiration
2023-04-20T11:12:26.704570,487,7 days check - URL https://dev.data-humdata-org.ahconu.org/api/3/action/notify_users_about_api_token_expiration
2023-04-20T11:12:27.104793,400,2 days check - URL https://dev.data-humdata-org.ahconu.org/api/3/action/notify_users_about_api_token_expiration
2023-04-21T11:12:13.249713,258,7 days check - URL https://data.humdata.org/api/3/action/notify_users_about_api_token_expiration
2023-04-21T11:12:14.284525,1035,2 days check - URL https://data.humdata.org/api/3/action/notify_users_about_api_token_expiration
2023-04-21T11:12:14.934495,507,7 days check - URL https://dev.data-humdata-org.ahconu.org/api/3/action/notify_users_about_api_token_expiration
2023-04-21T11:12:15.335855,401,2 days check - URL https://dev.data-humdata-org.ahconu.org/api/3/action/notify_users_about_api_token_expiration
2023-04-22T11:12:02.673581,330,7 days check - URL https://data.humdata.org/api/3/action/notify_users_about_api_token_expiration
2023-04-22T11:12:03.877137,1203,2 days check - URL https://data.humdata.org/api/3/action/notify_users_about_api_token_expiration
2023-04-22T11:12:04.543699,536,7 days check - URL https://dev.data-humdata-org.ahconu.org/api/3/action/notify_users_about_api_token_expiration
2023-04-22T11:12:04.855774,312,2 days check - URL https://dev.data-humdata-org.ahconu.org/api/3/action/notify_users_about_api_token_expiration
2023-04-23T11:12:01.460580,688,7 days check - URL https://data.humdata.org/api/3/action/notify_users_about_api_token_expiration
2023-04-23T11:12:01.906347,446,2 days check - URL https://data.humdata.org/api/3/action/notify_users_about_api_token_expiration
2023-04-23T11:12:02.584844,547,7 days check - URL https://dev.data-humdata-org.ahconu.org/api/3/action/notify_users_about_api_token_expiration
2023-04-23T11:12:02.937161,352,2 days check - URL https://dev.data-humdata-org.ahconu.org/api/3/action/notify_users_about_api_token_expiration
2023-04-24T11:12:22.494784,488,7 days check - URL https://data.humdata.org/api/3/action/notify_users_about_api_token_expiration
2023-04-24T11:12:22.964485,469,2 days check - URL https://data.humdata.org/api/3/action/notify_users_about_api_token_expiration
2023-04-24T11:12:23.703148,547,7 days check - URL https://dev.data-humdata-org.ahconu.org/api/3/action/notify_users_about_api_token_expiration
2023-04-24T11:12:24.112477,409,2 days check - URL https://dev.data-humdata-org.ahconu.org/api/3/action/notify_users_about_api_token_expiration
2023-04-25T11:12:11.333246,331,7 days check - URL https://data.humdata.org/api/3/action/notify_users_about_api_token_expiration
2023-04-25T11:12:12.572427,1239,2 days check - URL https://data.humdata.org/api/3/action/notify_users_about_api_token_expiration
2023-04-25T11:12:13.135201,431,7 days check - URL https://dev.data-humdata-org.ahconu.org/api/3/action/notify_users_about_api_token_expiration
2023-04-25T11:12:13.633956,499,2 days check - URL https://dev.data-humdata-org.ahconu.org/api/3/action/notify_users_about_api_token_expiration
2023-04-26T11:12:17.683246,335,7 days check - URL https://data.humdata.org/api/3/action/notify_users_about_api_token_expiration
2023-04-26T11:12:18.320154,637,2 days check - URL https://data.humdata.org/api/3/action/notify_users_about_api_token_expiration
2023-04-26T11:12:19.036473,578,7 days check - URL https://dev.data-humdata-org.ahconu.org/api/3/action/notify_users_about_api_token_expiration
2023-04-26T11:12:19.536141,499,2 days check - URL https://dev.data-humdata-org.ahconu.org/api/3/action/notify_users_about_api_token_expiration
2023-04-27T11:12:22.165877,802,7 days check - URL https://data.humdata.org/api/3/action/notify_users_about_api_token_expiration
2023-04-27T11:12:22.966852,801,2 days check - URL https://data.humdata.org/api/3/action/notify_users_about_api_token_expiration
2023-04-27T11:12:23.609224,458,7 days check - URL https://dev.data-humdata-org.ahconu.org/api/3/action/notify_users_about_api_token_expiration
2023-04-27T11:12:24.003371,394,2 days check - URL https://dev.data-humdata-org.ahconu.org/api/3/action/notify_users_about_api_token_expiration
2023-04-28T11:12:26.469367,551,7 days check - URL https://data.humdata.org/api/3/action/notify_users_about_api_token_expiration
2023-04-28T11:12:27.500652,1031,2 days check - URL https://data.humdata.org/api/3/action/notify_users_about_api_token_expiration
2023-04-28T11:12:27.990828,357,7 days check - URL https://dev.data-humdata-org.ahconu.org/api/3/action/notify_users_about_api_token_expiration
2023-04-28T11:12:28.334663,344,2 days check - URL https://dev.data-humdata-org.ahconu.org/api/3/action/notify_users_about_api_token_expiration
2023-04-29T11:11:59.772161,402,7 days check - URL https://data.humdata.org/api/3/action/notify_users_about_api_token_expiration
2023-04-29T11:12:00.756941,985,2 days check - URL https://data.humdata.org/api/3/action/notify_users_about_api_token_expiration
2023-04-29T11:12:01.359297,467,7 days check - URL https://dev.data-humdata-org.ahconu.org/api/3/action/notify_users_about_api_token_expiration
2023-04-29T11:12:01.673284,314,2 days check - URL https://dev.data-humdata-org.ahconu.org/api/3/action/notify_users_about_api_token_expiration
2023-04-30T11:11:56.707701,826,7 days check - URL https://data.humdata.org/api/3/action/notify_users_about_api_token_expiration
2023-04-30T11:11:57.316650,609,2 days check - URL https://data.humdata.org/api/3/action/notify_users_about_api_token_expiration
2023-04-30T11:11:57.829470,378,7 days check - URL https://dev.data-humdata-org.ahconu.org/api/3/action/notify_users_about_api_token_expiration
2023-04-30T11:11:58.214265,385,2 days check - URL https://dev.data-humdata-org.ahconu.org/api/3/action/notify_users_about_api_token_expiration
